{"DCAF8F93-D8A7-4534-BFFB-D88D58DBB976":{"alphamode":0,"base_map":null,"color":{"a":0.0,"b":0.16862745583057404,"g":0.5254902243614197,"r":0.9372549057006836},"metallic":1.0,"name":"门","nor_map":null,"roughness":0.5},"EB9D4DD9-54A2-4040-A34A-DF36DCC01552":{"alphamode":0,"base_map":null,"color":{"a":0.0,"b":0.49803921580314636,"g":0.49803921580314636,"r":0.49803921580314636},"metallic":1.0,"name":"MaterialNode_8355711_0","nor_map":null,"roughness":1.0}}