{"006A916E-6369-4a64-BE1E-8088AFDBF8AB":{"alphamode":0,"base_map":null,"color":{"a":0.0,"b":0.0,"g":0.0,"r":1.0},"metallic":1.0,"name":"MEP_消防水管系统颜色","nor_map":null,"roughness":0.5},"09FD182A-154C-42e7-B4D2-311709A31BFA":{"alphamode":0,"base_map":null,"color":{"a":0.0,"b":0.9854856133460999,"g":0.9856501817703247,"r":0.9856458902359009},"metallic":1.0,"name":"shexiangtouwaikuang","nor_map":null,"roughness":0.22540000081062317},"0CAF7CD3-88DA-40a9-A896-409AB040D4F5":{"alphamode":0,"base_map":null,"color":{"a":0.0,"b":0.29411765933036804,"g":0.29411765933036804,"r":0.29411765933036804},"metallic":1.0,"name":"shexiangtou","nor_map":null,"roughness":1.0},"15AC8CEC-AAD7-4e48-84C6-A2A923A320ED":{"alphamode":0,"base_map":null,"color":{"a":0.0,"b":0.7289999723434448,"g":0.7369999885559082,"r":0.7450000047683716},"metallic":1.0,"name":"螺丝-不锈钢","nor_map":null,"roughness":1.0},"2A8D28C3-5F0D-4080-9547-A80AD2C609BD":{"alphamode":0,"base_map":null,"color":{"a":0.0,"b":0.0,"g":0.0,"r":0.0},"metallic":1.0,"name":"shexiangtouheise","nor_map":null,"roughness":1.0},"30BA2C9E-FFA5-4cf3-B608-5C65563020C7":{"alphamode":0,"base_map":null,"color":{"a":0.0,"b":1.0,"g":1.0,"r":0.0},"metallic":1.0,"name":"MEP_给水管系统颜色","nor_map":null,"roughness":0.5},"467FF4D0-B61B-4e2b-AE69-D4D1E69774CC":{"alphamode":0,"base_map":null,"color":{"a":0.0,"b":0.0,"g":0.5098039507865906,"r":0.14509804546833038},"metallic":1.0,"name":"MEP_压力废水管系统颜色","nor_map":null,"roughness":0.5},"589ABCA8-2E2B-4ad8-9F9D-6DD5054659F4":{"alphamode":0,"base_map":null,"color":{"a":0.0,"b":0.019999999552965164,"g":0.019999999552965164,"r":0.019999999552965164},"metallic":1.0,"name":"塑料-黑色磨砂","nor_map":null,"roughness":1.0},"827133AA-ECED-4a37-BB9D-52A100F2EE3B":{"alphamode":0,"base_map":null,"color":{"a":0.0,"b":0.3149999976158142,"g":0.3149999976158142,"r":0.3149999976158142},"metallic":1.0,"name":"默认为新材质","nor_map":null,"roughness":0.5},"886440D9-2EDD-44d3-9658-F2867A1A2F87":{"alphamode":2,"base_map":null,"color":{"a":0.25,"b":0.7529411911964417,"g":0.501960813999176,"r":0.0},"metallic":1.0,"name":"玻璃","nor_map":null,"roughness":1.0},"9A4969D8-8FAD-4e54-872D-16B38F3550D9":{"alphamode":0,"base_map":null,"color":{"a":0.0,"b":0.49803921580314636,"g":0.49803921580314636,"r":0.49803921580314636},"metallic":1.0,"name":"MaterialNode_8355711_0","nor_map":null,"roughness":1.0},"C569DA56-B1A6-48d7-B502-7F21A6998C04":{"alphamode":0,"base_map":null,"color":{"a":0.0,"b":0.8941176533699036,"g":0.9098039269447327,"r":0.9137254953384399},"metallic":1.0,"name":"塑料-乳白色磨砂","nor_map":null,"roughness":0.6600000262260437}}