{"3E1D9A5D-FF73-4e6e-B229-AB0CF1AD429B":{"alphamode":0,"base_map":null,"color":{"a":0.0,"b":0.49803921580314636,"g":0.49803921580314636,"r":0.49803921580314636},"metallic":1.0,"name":"MaterialNode_8355711_0","nor_map":null,"roughness":1.0},"5A892E66-7DED-4164-9680-BD07B8D313E5":{"alphamode":0,"base_map":null,"color":{"a":0.0,"b":0.16862745583057404,"g":0.5254902243614197,"r":0.9372549057006836},"metallic":1.0,"name":"门","nor_map":null,"roughness":0.5}}