{"08B640BA-48B3-444c-81C2-39E53B9A2A62":{"alphamode":0,"base_map":null,"color":{"a":0.0,"b":0.3149999976158142,"g":0.3149999976158142,"r":0.3149999976158142},"metallic":1.0,"name":"铝合金平板","nor_map":null,"roughness":0.5},"08C003B1-1529-401b-8DEF-5EAF64F32277":{"alphamode":0,"base_map":null,"color":{"a":0.0,"b":0.3149999976158142,"g":0.3149999976158142,"r":0.3149999976158142},"metallic":1.0,"name":"广告","nor_map":null,"roughness":0.5},"112CE8BE-25D9-4ce9-9E3C-3AE95306AE34":{"alphamode":2,"base_map":null,"color":{"a":0.6000000238418579,"b":1.0,"g":0.0,"r":0.0},"metallic":1.0,"name":"50x30x2.0mm拉丝不锈钢方管","nor_map":null,"roughness":1.0},"1251FF11-EBBD-46e6-A8AA-C841F066E322":{"alphamode":0,"base_map":null,"color":{"a":0.0,"b":0.3149999976158142,"g":0.3149999976158142,"r":0.3149999976158142},"metallic":1.0,"name":"3003铝板","nor_map":null,"roughness":1.0},"139BF7FA-3D70-4cbb-8D96-2751B8F73A25":{"alphamode":0,"base_map":null,"color":{"a":0.0,"b":0.0,"g":1.0,"r":0.0},"metallic":1.0,"name":"蓄光材质","nor_map":null,"roughness":1.0},"13F95D9E-3371-431f-A33A-E53DA129706A":{"alphamode":0,"base_map":null,"color":{"a":0.0,"b":0.0,"g":1.0,"r":1.0},"metallic":1.0,"name":"Plastic Yellow","nor_map":null,"roughness":1.0},"1A6D50FB-358B-44b4-BC85-45C0E59FFB84":{"alphamode":0,"base_map":null,"color":{"a":0.0,"b":0.3149999976158142,"g":0.3149999976158142,"r":0.3149999976158142},"metallic":1.0,"name":"楼梯天花铝合金平板","nor_map":null,"roughness":0.5},"1B02A1F4-BCD6-4487-B576-93139B475DE0":{"alphamode":0,"base_map":null,"color":{"a":0.0,"b":0.7529411911964417,"g":0.7529411911964417,"r":0.7529411911964417},"metallic":1.0,"name":"PINGTAICAIZHI","nor_map":null,"roughness":1.0},"1DDCEAB6-EF2E-47ca-A588-EFF73201233B":{"alphamode":0,"base_map":null,"color":{"a":0.0,"b":0.3149999976158142,"g":0.3149999976158142,"r":0.3149999976158142},"metallic":1.0,"name":"深灰色防滑地砖","nor_map":null,"roughness":0.5},"235B736A-B797-4e58-A9E9-382FA746CC7F":{"alphamode":0,"base_map":null,"color":{"a":0.0,"b":0.9200000166893005,"g":0.9200000166893005,"r":0.9200000166893005},"metallic":1.0,"name":"硅酸盖板","nor_map":null,"roughness":1.0},"25657D38-D8E0-44ee-A4CD-6A44E049DDA2":{"alphamode":0,"base_map":null,"color":{"a":0.0,"b":0.9200000166893005,"g":0.9200000166893005,"r":0.9200000166893005},"metallic":1.0,"name":"白塑料","nor_map":null,"roughness":1.0},"29ED21FE-8636-4658-8F72-87BA261EF307":{"alphamode":0,"base_map":null,"color":{"a":0.0,"b":0.9254903197288513,"g":0.9137256145477295,"r":0.9019607901573181},"metallic":1.0,"name":"Metal Steel Red Paint","nor_map":null,"roughness":1.0},"2A8A9D43-94B9-4e11-BB6B-BBFEB8F86E90":{"alphamode":0,"base_map":null,"color":{"a":0.0,"b":1.0,"g":0.949999988079071,"r":0.949999988079071},"metallic":1.0,"name":"柱面烤瓷铝板","nor_map":null,"roughness":1.0},"2B683639-9D31-4ed5-8A13-7A5A3A46D595":{"alphamode":0,"base_map":null,"color":{"a":0.0,"b":0.3149999976158142,"g":0.3149999976158142,"r":0.3149999976158142},"metallic":1.0,"name":"默认为新材质(2)","nor_map":null,"roughness":0.5},"2E621E2C-59B5-42d0-8104-20D6D654BC17":{"alphamode":2,"base_map":null,"color":{"a":0.6000000238418579,"b":1.0,"g":0.0,"r":0.0},"metallic":1.0,"name":"8+1.52+8夹胶钢化玻璃","nor_map":null,"roughness":1.0},"31A01932-5C97-4879-BCD2-C69D232CB9F9":{"alphamode":0,"base_map":null,"color":{"a":0.0,"b":0.18431369960308075,"g":0.18431369960308075,"r":0.18431369960308075},"metallic":1.0,"name":"Metal Steel Gray Paint","nor_map":null,"roughness":1.0},"34B895C2-88B1-4439-AA69-715177F0A045":{"alphamode":0,"base_map":null,"color":{"a":0.0,"b":0.3149999976158142,"g":0.3149999976158142,"r":0.3149999976158142},"metallic":1.0,"name":"检票进站2","nor_map":null,"roughness":0.5},"3618227E-C8B3-4818-A8D2-0B0F6189FC8C":{"alphamode":0,"base_map":null,"color":{"a":0.0,"b":0.9725490212440491,"g":0.9843137264251709,"r":0.9882352948188782},"metallic":1.0,"name":"瓷，象牙白","nor_map":null,"roughness":1.0},"396FF6E2-C389-4269-805B-AEBFDDD5EAF5":{"alphamode":2,"base_map":null,"color":{"a":0.15000000596046448,"b":0.8784313797950745,"g":0.8901960849761963,"r":0.8549019694328308},"metallic":1.0,"name":"Glass","nor_map":null,"roughness":1.0},"399D4BE3-AEA9-4bd7-A9AC-8DDCB0392A1D":{"alphamode":2,"base_map":null,"color":{"a":0.10000000149011612,"b":0.7529411911964417,"g":0.501960813999176,"r":0.0},"metallic":1.0,"name":"玻璃","nor_map":null,"roughness":1.0},"3B9332AC-3A7B-4997-AE55-F4D26734851B":{"alphamode":0,"base_map":null,"color":{"a":0.0,"b":0.9570000171661377,"g":0.9570000171661377,"r":0.9570000171661377},"metallic":1.0,"name":"金属","nor_map":null,"roughness":1.0},"3F7D858C-0174-4d24-B906-54C4D6ED1B82":{"alphamode":0,"base_map":null,"color":{"a":0.0,"b":0.20000000298023224,"g":0.20000000298023224,"r":0.20000000298023224},"metallic":1.0,"name":"hui","nor_map":null,"roughness":1.0},"446ADD9B-5448-4471-8282-922884D58C66":{"alphamode":0,"base_map":null,"color":{"a":0.0,"b":0.18039216101169586,"g":0.18039216101169586,"r":0.18039216101169586},"metallic":1.0,"name":"黑塑料","nor_map":null,"roughness":1.0},"45F08330-2677-4a56-ABEF-2E626CA3D9AE":{"alphamode":2,"base_map":null,"color":{"a":0.9300000071525574,"b":0.0,"g":0.0,"r":0.0},"metallic":1.0,"name":"黑色","nor_map":null,"roughness":1.0},"463EE190-52F7-40bc-B3C0-F61D44B6FF01":{"alphamode":0,"base_map":null,"color":{"a":0.0,"b":0.3149999976158142,"g":0.3149999976158142,"r":0.3149999976158142},"metallic":1.0,"name":"粉末喷涂吊顶铝板","nor_map":null,"roughness":0.5},"4BD7EBA2-512D-4484-9774-01C4BF6378A4":{"alphamode":0,"base_map":null,"color":{"a":0.0,"b":0.800000011920929,"g":0.7599999904632568,"r":0.7699999809265137},"metallic":1.0,"name":"Poche(1)","nor_map":null,"roughness":0.5099999904632568},"4F74AC80-F1DD-46f4-A59B-757A74102D62":{"alphamode":2,"base_map":null,"color":{"a":0.6000000238418579,"b":1.0,"g":0.0,"r":0.0},"metallic":1.0,"name":"地面材质800x800","nor_map":null,"roughness":1.0},"54AFF897-51CE-4bfa-8782-23253AD88173":{"alphamode":0,"base_map":null,"color":{"a":0.0,"b":0.7289999723434448,"g":0.7369999885559082,"r":0.7450000047683716},"metallic":1.0,"name":"不锈钢","nor_map":null,"roughness":1.0},"57C11147-D6BF-40c8-832E-451F245C12B5":{"alphamode":0,"base_map":null,"color":{"a":0.0,"b":0.501960813999176,"g":1.0,"r":1.0},"metallic":1.0,"name":"玻璃钢","nor_map":null,"roughness":1.0},"5AD01729-0EE7-4c9b-B7C2-934A589D9C35":{"alphamode":0,"base_map":null,"color":{"a":0.0,"b":0.3149999976158142,"g":0.3149999976158142,"r":0.3149999976158142},"metallic":1.0,"name":"02","nor_map":null,"roughness":0.5},"5C3A475A-4A6C-43df-A62F-7B764E12C739":{"alphamode":0,"base_map":null,"color":{"a":0.0,"b":0.6000000238418579,"g":0.6000000238418579,"r":0.6000000238418579},"metallic":1.0,"name":"Metal - Stainless Steel - ClosetMaid - Brushed","nor_map":null,"roughness":1.0},"5DBE2DA1-CFF7-4ab8-BDB0-1C8C24B5B57F":{"alphamode":0,"base_map":null,"color":{"a":0.0,"b":0.3149999976158142,"g":0.3149999976158142,"r":0.3149999976158142},"metallic":1.0,"name":"默认为新材质","nor_map":null,"roughness":0.5},"5F79557E-5EDA-47b0-B10E-6A8EB9F5177D":{"alphamode":0,"base_map":null,"color":{"a":0.0,"b":0.8588235378265381,"g":0.8745098114013672,"r":0.8784313797950745},"metallic":1.0,"name":"耦合器连接件","nor_map":null,"roughness":0.800000011920929},"5FF0319F-EBCD-4816-B669-C80B14AC15D7":{"alphamode":0,"base_map":null,"color":{"a":0.0,"b":0.15294118225574493,"g":0.15294118225574493,"r":0.15294118225574493},"metallic":1.0,"name":"Cloth Black","nor_map":null,"roughness":1.0},"61093960-92DA-4bee-847A-C914B4C7E4CA":{"alphamode":0,"base_map":null,"color":{"a":0.0,"b":0.09803921729326248,"g":0.09803921729326248,"r":0.09803921729326248},"metallic":1.0,"name":"默认为新材质(1)","nor_map":null,"roughness":1.0},"65A39F2D-6AD5-4cea-B4BE-286D807D3F31":{"alphamode":0,"base_map":null,"color":{"a":0.0,"b":0.3149999976158142,"g":0.3149999976158142,"r":0.3149999976158142},"metallic":1.0,"name":"墙面瓷砖","nor_map":null,"roughness":0.5},"6E13AE6F-8BE3-453c-AA10-38E92378516D":{"alphamode":0,"base_map":null,"color":{"a":0.0,"b":0.019999999552965164,"g":0.019999999552965164,"r":0.019999999552965164},"metallic":1.0,